{
  "coef": [
    [
      -0.012526241267374458,
      -2.433416883290238e-05
    ]
  ],
  "intercept": [
    -0.927861692569034
  ],
  "features": [
    "DayOfWeek",
    "OriginAirportID"
  ]
}
